<?xml version="1.0" encoding="UTF-8"?>

<mule xmlns:dw="http://www.mulesoft.org/schema/mule/ee/dw" xmlns:http="http://www.mulesoft.org/schema/mule/http" xmlns="http://www.mulesoft.org/schema/mule/core" xmlns:doc="http://www.mulesoft.org/schema/mule/documentation"
	xmlns:spring="http://www.springframework.org/schema/beans" version="EE-3.7.0"
	xmlns:xsi="http://www.w3.org/2001/XMLSchema-instance"
	xsi:schemaLocation="http://www.springframework.org/schema/beans http://www.springframework.org/schema/beans/spring-beans-current.xsd
http://www.mulesoft.org/schema/mule/core http://www.mulesoft.org/schema/mule/core/current/mule.xsd
http://www.mulesoft.org/schema/mule/http http://www.mulesoft.org/schema/mule/http/current/mule-http.xsd
http://www.mulesoft.org/schema/mule/ee/dw http://www.mulesoft.org/schema/mule/ee/dw/current/dw.xsd">
    <http:listener-config name="Onboard_Listener_Configuration" host="0.0.0.0" port="8181" doc:name="HTTP Listener Configuration"/>
    <flow name="driverOnboardingFlow">
        <http:listener config-ref="HTTP_Listener_Configuration" path="/onboard" doc:name="HTTP"/>
        <dw:transform-message doc:name="Transform Message">
            <dw:set-payload><![CDATA[%dw 1.0
%output application/java
---
{
}]]></dw:set-payload>
        </dw:transform-message>
        <scatter-gather doc:name="Scatter-Gather">
            <flow-ref name="rentCentricOnboardingFlow" doc:name="rentCentricOnboardingFlow"/>
            <flow-ref name="stripeOnboardingFlow" doc:name="stripeOnboardingFlow"/>
        </scatter-gather>
    </flow>
    <sub-flow name="rentCentricOnboardingFlow">
        <logger level="INFO" doc:name="Logger"/>
    </sub-flow>
    <sub-flow name="stripeOnboardingFlow">
        <logger level="INFO" doc:name="Logger"/>
    </sub-flow>
    <sub-flow name="checkUberDriverStatusFlow">
        <logger level="INFO" doc:name="Logger"/>
    </sub-flow>
</mule>
