{
  "href": "https://api.manheim.com/units/mine?limit=3",
  "next": {
    "href": "https://api.manheim.com/units/mine?limit=3&id=08021710-4fe4-11e4-ad46-12bd5df51a4e&direction=next"
  },
  "items": [
    {
      "href": "https://api.manheim.com/units/id/429a5d00-353c-11e4-9c68-129ac19079d6",
      "type": "PASSENGER_VEHICLE",
      "subType": "SEDAN",
      "vin": "586717561FG123GI4",
      "customerReferenceId": "1A2B9W",
      "description": {
        "modelYear": 2014,
        "make": "Ford",
        "model": "Mustang",
        "trim": "GT Convertible 2-Door",
        "interiorColor": {
          "code": "Black",
          "description": "Black"
        },
        "exteriorColor": {
          "code": "Black",
          "description": "Black"
        },
        "engine": {
          "type": "V8",
          "horsepower": 420,
          "displacement": 5.2,
          "fuel": "gasoline"
        }
      },
      "odometer": {
        "reading": 376,
        "units": "miles",
        "digits": 8,
        "type": "digital"
      },
      "physicalLocation": {
        "type": "AT_AUCTION",
        "operatingLocation": {
          "href": "https://api.manheim.com/locations/id/QLM1"
        },
        "address": null,
        "city": null,
        "state": null,
        "zip": null
      },
      "createdOn": "2014-09-05T20:36:05.968Z",
      "updatedOn": "2014-09-05T20:36:05.968Z",
      "consignments": {
        "href": "https://api.manheim.com/consignments/unit/429a5d00-353c-11e4-9c68-129ac19079d6"
      }
    },
    {
      "href": "https://api.manheim.com/units/id/429a5d00-353c-11e4-9c68-129ac19079d6",
      "type": "PASSENGER_VEHICLE",
      "subType": "SEDAN",
      "vin": "586717561FG123GH7",
      "customerReferenceId": "1A2B3C",
      "description": {
        "modelYear": 2014,
        "make": "Ford",
        "model": "Mustang",
        "trim": "GT Convertible 2-Door",
        "interiorColor": {
          "code": "RED",
          "description": "Red"
        },
        "exteriorColor": {
          "code": "WHITE",
          "description": "White"
        },
        "engine": {
          "type": "V8",
          "horsepower": 420,
          "displacement": 5.2,
          "fuel": "gasoline"
        }
      },
      "odometer": {
        "reading": 376,
        "units": "miles",
        "digits": 8,
        "type": "digital"
      },
      "physicalLocation": {
        "type": "AT_AUCTION",
        "operatingLocation": {
          "href": "https://api.manheim.com/locations/id/QLM1"
        },
        "address": null,
        "city": null,
        "state": null,
        "zip": null
      },
      "createdOn": "2014-09-05T20:36:05.968Z",
      "updatedOn": "2014-09-05T20:36:05.968Z",
      "consignments": {
        "href": "https://api.manheim.com/consignments/unit/429a5d00-353c-11e4-9c68-129ac19079d6"
      }
    },
    {
      "href": "https://api.manheim.com/units/id/429a5d00-353c-11e4-9c68-129ac19079d6",
      "type": "PASSENGER_VEHICLE",
      "subType": "SEDAN",
      "vin": "586717561FG123GH8",
      "customerReferenceId": "1A2B3D",
      "description": {
        "modelYear": 2015,
        "make": "Ford",
        "model": "Mustang",
        "trim": "GT Convertible 2-Door",
        "interiorColor": {
          "code": "GREEN",
          "description": "Green"
        },
        "exteriorColor": {
          "code": "BLACK",
          "description": "Black"
        },
        "engine": {
          "type": "V8",
          "horsepower": 420,
          "displacement": 5.2,
          "fuel": "gasoline"
        }
      },
      "odometer": {
        "reading": 376,
        "units": "miles",
        "digits": 8,
        "type": "digital"
      },
      "physicalLocation": {
        "type": "AT_AUCTION",
        "operatingLocation": {
          "href": "https://api.manheim.com/locations/id/QLM1"
        },
        "address": null,
        "city": null,
        "state": null,
        "zip": null
      },
      "createdOn": "2014-09-05T20:36:05.968Z",
      "updatedOn": "2014-09-05T20:36:05.968Z",
      "consignments": {
        "href": "https://api.manheim.com/consignments/unit/429a5d00-353c-11e4-9c68-129ac19079d6"
      }
    }
  ]
}
