{
  "href": "https://api.manheim.com/units/id/429a5d00-353c-11e4-9c68-129ac19079d6",
  "type": "PASSENGER_VEHICLE",
  "subType": "SEDAN",
  "vin": "1G1AP14P577112297",
  "contact": {
    "contactName": "Bob Smith",
    "companyName": "Cars Some More",
    "phone": "678-101-0999",
    "email": "john.smith@carssomemore.com",
    "customerId": 404040,
    "manheimAccountNumber": 49000111
  },
  "customerReferenceId": "1A2B3C",
  "description": {
    "modelYear": 2014,
    "make": "Ford",
    "model": "Mustang",
    "trim": "GT Convertible 2-Door",
    "interiorColor": {
      "code": "RED",
      "description": "Red"
    },
    "exteriorColor": {
      "code": "WHITE",
      "description": "White"
    },
    "transmission": "AUTOMATIC",
    "interiorType": "VINYL",
    "roofType": "HARDTOP",
    "driveType": "4_WHEEL_DRIVE",
    "doorCount": 4,
    "options": [
      "ANTILOCK_BRAKES",
      "AIRBAG_SIDE_CURTAIN",
      "AIR_CONDITIONING",
      "AIRBAGS",
      "ALLOY_WHEELS",
      "CHILD_SEAT",
      "CHILD_SEAT_ANCHORS",
      "CRUISE_CONTROL",
      "DUAL_CLIMATE_CONTROL",
      "DVD",
      "NAVIGATION",
      "HEATED_SEATS",
      "POWER_BRAKES",
      "POWER_DOOR_LOCKS",
      "POWER_MIRRORS",
      "POWER_SEATS",
      "POWER_STEERING",
      "POWER_WINDOWS",
      "REAR_WINDOW_DEFROSTER",
      "TILT_TELESCOPE_WHEEL",
      "TINTED_GLASS"
    ],
    "audio": [
      "AM",
      "FM",
      "CD",
      "CASSETTE",
      "SATELLITE",
      "PREMIUM"
    ],
    "engine": {
      "type": "v6",
      "horsepower": 305,
      "displacement": 3.7,
      "fuel": "GASOLINE"
    }
  },
  "physicalLocation": {
    "type": "AT_DEALERSHIP",
    "name": "Billy's Dealership",
    "operatingLocation": {
      "href": "https://api.manheim.com/locations/id/QLM1"
    },
    "address": "1000 Peachsome street",
    "city": "Atlanta",
    "state": "GA",
    "zip": "30303"
  },
  "odometer": {
    "reading": 30000,
    "units": "MILES",
    "digits": 6,
    "type": "digital"
  },
  "title": {
    "number": "12345",
    "state": "GA",
    "location": "AT_AUCTION",
    "problem": false,
    "notRequired": false,
    "branding": "TITLE_PRESENT",
    "receivedDate": "2014-09-05T20:36:05.968Z",
    "operatingLocation": {
      "href": "https://api.manheim.com/locations/id/QLM1"
    }
  },
  "images": [
    {
      "type": "FRONT_LEFT",
      "href": "http://images.manheim.com/foo.jpg"
    }
  ],
  "conditionReports": [
    {
      "source": "DataScan",
      "href": "http://www.manheim.com"
    }
  ],
  "condition": {
    "frameDamage": false,
    "priorPaint": [
      {
        "description": "FRONT_BUMPER",
        "condition": "ACCEPTABLE"
      },
      {
        "description": "RIGHT_QUARTER_PANEL",
        "condition": "SUBSTANDARD"
      }
    ]
  },
  "subscriptions": {
    "items": [
      {
        "subscriber": {
          "href": "https://api.manheim.com/subscribers/id/2d2d4180-5576-11e4-8e02-791a2d309def"
        }
      }
    ]
  },
  "createdOn": "2014-09-05T20:36:05.968Z",
  "updatedOn": "2014-09-05T20:36:05.968Z",
  "consignments": {
    "href": "https://api.manheim.com/consignments/unit/429a5d00-353c-11e4-9c68-129ac19079d6"
  }
}