<Configuration>
    <Appenders>
        <Console name="Console" target="SYSTEM_OUT">
            <PatternLayout pattern="%-5p %d [%t] %c: %m%n"/>
        </Console>
    </Appenders>
  
    <Loggers>

        <AsyncLogger name="org.mule.module.http" level="NONE"/>
        <AsyncLogger name="org.glassfish.grizzly" level="NONE"/>
        <Logger name="javax.jmdns.impl.DNSIncoming" level="NONE"/>
        <!-- CXF is used heavily by Mule for web services -->
        <AsyncLogger name="org.apache.cxf" level="WARN"/>
  
        <!-- Apache Commons tend to make a lot of noise which can clutter the log-->
        <AsyncLogger name="org.apache" level="WARN"/>
        <Logger name="org.mule.module.http.internal.HttpMessageLogger" level="DEBUG"/>
  
        <!-- Reduce startup noise -->
        <AsyncLogger name="org.springframework.beans.factory" level="WARN"/>
  
        <!-- Mule classes -->
        <AsyncLogger name="org.mule" level="INFO"/>
        <AsyncLogger name="com.mulesoft" level="INFO"/>
        <AsyncLogger name="org.quartz" level="INFO"/>
  
        <AsyncRoot level="DEBUG">
            <AppenderRef ref="Console"/>
        </AsyncRoot>
    </Loggers>
  
</Configuration>